,procedure,ablation,family,policy,n_tasks,n_subsets,mean_start_mean,mean_start_ci_lo,mean_start_ci_hi,best_start_mean,best_start_ci_lo,best_start_ci_hi,worst_start_mean,worst_start_ci_lo,worst_start_ci_hi,gap_mean,gap_ci_lo,gap_ci_hi
0,random_v_MSE_v2,pretrained_baseline,ACDC,mse_alternate_start_max,6,60,11.386468166666665,11.022929166666664,11.731362499999998,10.895675,10.541625000000002,11.243374999999999,11.841239999999999,11.444791666666665,12.214999999999998,-0.4907931666666665,-0.5448499999999998,-0.4294874999999998
1,random_v_MSE_v2,pretrained_baseline,ACDC,mse_alternate_start_min,6,60,11.393401333333333,11.0242375,11.733849999999999,10.884998333333334,10.513291666666667,11.243500000000001,11.879846666666667,11.498333333333333,12.225041666666666,-0.508403,-0.5578416666666668,-0.4571541666666666
2,random_v_MSE_v2,pretrained_baseline,ACDC,mse_max,6,60,11.383643166666669,11.029433333333332,11.722770833333335,10.895585,10.554958333333333,11.238458333333336,11.814118333333333,11.445,12.151666666666666,-0.4880581666666668,-0.5446666666666667,-0.43347083333333336
3,random_v_MSE_v2,pretrained_baseline,ACDC,mse_min,6,60,11.412934166666668,11.048604166666667,11.746004166666667,10.938323333333333,10.561583333333333,11.293416666666667,11.848581666666666,11.471416666666666,12.211875,-0.47461083333333337,-0.5200041666666668,-0.42048333333333326
4,random_v_MSE_v2,pretrained_baseline,ACDC,random,6,60,11.387299733333334,11.029452916666667,11.726313750000001,10.639586666666666,10.279958333333333,11.010083333333332,12.118573333333334,11.74825,12.456666666666665,-0.7477130666666665,-0.8230945833333333,-0.6613479166666665
5,random_v_MSE_v2,pretrained_baseline,BTCV,mse_alternate_start_max,20,200,3.1839578,3.0999362500000003,3.27701,2.619315,2.567975,2.679525,4.0390005,3.75795,4.382512500000002,-0.5646428000000001,-0.61222875,-0.5245462499999999
6,random_v_MSE_v2,pretrained_baseline,BTCV,mse_alternate_start_min,20,200,3.1814141,3.11651875,3.25337,2.600813,2.5479875000000005,2.6545124999999996,3.9102219999999996,3.7934999999999994,4.041037500000001,-0.5806011000000001,-0.6205500000000002,-0.5493937500000001
7,random_v_MSE_v2,pretrained_baseline,BTCV,mse_max,20,200,3.1694062,3.09879875,3.2496062500000003,2.5770675,2.5219875,2.6425125,3.9078325,3.75645,4.070500000000001,-0.5923387,-0.62215625,-0.5655975000000001
8,random_v_MSE_v2,pretrained_baseline,BTCV,mse_min,20,200,3.16407035,3.101935,3.2358925000000003,2.6041745,2.5484875000000002,2.6665,3.923928,3.8294875000000004,4.0195125,-0.5598958499999999,-0.57625125,-0.5418862499999998
9,random_v_MSE_v2,pretrained_baseline,BTCV,random,20,200,3.164659205,3.0975979999999996,3.2385656249999997,2.2799650000000002,2.2174750000000003,2.3580250000000005,4.674739499999999,4.42945,4.913062500000001,-0.884694205,-0.9174717500000001,-0.8525638750000001
10,random_v_MSE_v2,pretrained_baseline,BUID,mse_alternate_start_max,4,40,1.227661,1.0950000000000002,1.372125,0.94107,0.8250000000000001,1.060125,1.6629950000000002,1.445,1.94,-0.2865909999999999,-0.3370125,-0.24
11,random_v_MSE_v2,pretrained_baseline,BUID,mse_alternate_start_min,4,40,1.235593,1.106,1.3750125,0.95253,0.83,1.0899999999999999,1.6140900000000002,1.4449999999999998,1.81,-0.28306300000000006,-0.32902499999999996,-0.2375000000000001
12,random_v_MSE_v2,pretrained_baseline,BUID,mse_max,4,40,1.2314725000000002,1.0949874999999998,1.3850250000000002,0.9384750000000001,0.815,1.0899999999999999,1.594275,1.4200000000000002,1.7901250000000002,-0.2929975000000001,-0.3400000000000001,-0.25450000000000006
13,random_v_MSE_v2,pretrained_baseline,BUID,mse_min,4,40,1.2508545000000002,1.1444750000000001,1.3679999999999999,0.9721900000000001,0.8550000000000001,1.1,1.622095,1.5000000000000002,1.7701250000000002,-0.2786645,-0.3175,-0.2434875
14,random_v_MSE_v2,pretrained_baseline,BUID,random,4,40,1.2463841,1.13917,1.3674087499999998,0.82715,0.73,0.94,1.953065,1.7798749999999999,2.155,-0.41923409999999994,-0.440205,-0.40034625
15,random_v_MSE_v2,pretrained_baseline,WBC,mse_alternate_start_max,8,80,5.9916244999999995,5.26840625,6.739293749999999,5.1255925,4.412375,5.850562499999999,6.940720000000001,6.184937499999999,7.662624999999999,-0.8660319999999998,-0.9140249999999999,-0.8212312499999999
16,random_v_MSE_v2,pretrained_baseline,WBC,mse_alternate_start_min,8,80,6.01797575,5.294456249999999,6.7515,5.0817325,4.287375,5.8326875000000005,7.0468425,6.2474375,7.8475625,-0.93624325,-1.0535875,-0.8479749999999998
17,random_v_MSE_v2,pretrained_baseline,WBC,mse_max,8,80,6.0052217500000005,5.2713375000000005,6.732131249999999,5.096515,4.33,5.85525,6.955040000000001,6.1975,7.685062500000001,-0.9087067499999999,-0.99601875,-0.8334624999999999
18,random_v_MSE_v2,pretrained_baseline,WBC,mse_min,8,80,6.0573875,5.313925,6.80404375,5.127895,4.3423750000000005,5.8750625,7.060925,6.287437499999999,7.8376875,-0.9294925,-1.0457625,-0.8139375000000001
19,random_v_MSE_v2,pretrained_baseline,WBC,random,8,80,6.0473630499999995,5.288351249999999,6.792529375000001,4.7662675,3.9949375000000003,5.545437499999999,7.6446024999999995,6.8546875,8.442625,-1.28109555,-1.39175125,-1.194359375
20,random_v_MSE_v2,pretrained_baseline10p,ACDC,mse_alternate_start_max,6,60,6.167012333333334,5.971925000000001,6.347354166666667,5.840616666666667,5.626625,6.043333333333333,6.470998333333334,6.293291666666666,6.631666666666667,-0.32639566666666675,-0.3611666666666667,-0.28832083333333336
21,random_v_MSE_v2,pretrained_baseline10p,ACDC,mse_alternate_start_min,6,60,6.178011666666667,5.983820833333334,6.353179166666667,5.854848333333333,5.638333333333333,6.051666666666667,6.4688550000000005,6.266666666666667,6.646708333333332,-0.3231633333333334,-0.3553375,-0.29299583333333346
22,random_v_MSE_v2,pretrained_baseline10p,ACDC,mse_max,6,60,6.171105666666667,5.982283333333333,6.350862500000001,5.821281666666666,5.624916666666667,6.008375,6.50841,6.326583333333335,6.681666666666666,-0.3498240000000001,-0.37700000000000006,-0.32350000000000007
23,random_v_MSE_v2,pretrained_baseline10p,ACDC,mse_min,6,60,6.178813833333334,5.980816666666667,6.3544125,5.863899999999999,5.676666666666667,6.0299999999999985,6.507381666666666,6.294999999999999,6.71,-0.3149138333333333,-0.34550416666666667,-0.28432916666666663
24,random_v_MSE_v2,pretrained_baseline10p,ACDC,random,6,60,6.174807783333334,5.9867429166666675,6.344219166666667,5.6421633333333325,5.444958333333334,5.83175,6.689666666666666,6.508333333333334,6.858416666666668,-0.53264445,-0.5747579166666666,-0.4874449999999999
25,random_v_MSE_v2,pretrained_baseline10p,BTCV,mse_alternate_start_max,20,200,2.9271955,2.8663450000000004,2.9943774999999992,2.435168,2.3805,2.5,3.468645,3.363975,3.589025,-0.4920275,-0.5132,-0.469
26,random_v_MSE_v2,pretrained_baseline10p,BTCV,mse_alternate_start_min,20,200,2.92073075,2.87538625,2.9723512499999996,2.416667,2.3775000000000004,2.4595124999999998,3.4789255000000003,3.4025000000000007,3.5620249999999998,-0.50406375,-0.52655625,-0.48374625000000004
27,random_v_MSE_v2,pretrained_baseline10p,BTCV,mse_max,20,200,2.90839135,2.85064,2.9733575,2.4333294999999997,2.3935,2.4855125000000005,3.447563,3.3539250000000003,3.5500249999999998,-0.47506184999999995,-0.5032512499999999,-0.45203625000000003
28,random_v_MSE_v2,pretrained_baseline10p,BTCV,mse_min,20,200,2.9217568000000003,2.86554375,2.9846774999999997,2.44381,2.3859874999999997,2.5050250000000003,3.5080975,3.438,3.5960125,-0.4779468,-0.5009512500000001,-0.45324749999999997
29,random_v_MSE_v2,pretrained_baseline10p,BTCV,random,20,200,2.9091891450000005,2.8584477500000003,2.9676064999999996,2.1348730000000002,2.0900000000000003,2.188,3.9552255000000005,3.8409999999999997,4.055,-0.774316145,-0.797831625,-0.750697875
30,random_v_MSE_v2,pretrained_baseline10p,BUID,mse_alternate_start_max,4,40,1.2206305000000002,1.0904375,1.3640124999999999,0.93653,0.8300000000000001,1.0499999999999998,1.6472650000000002,1.439875,1.9149999999999998,-0.28410050000000003,-0.339525,-0.2385
31,random_v_MSE_v2,pretrained_baseline10p,BUID,mse_alternate_start_min,4,40,1.237408,1.0964875,1.3840249999999998,0.95792,0.8048749999999999,1.12,1.63201,1.4048749999999999,1.91,-0.279488,-0.3190375000000001,-0.23600000000000002
32,random_v_MSE_v2,pretrained_baseline10p,BUID,mse_max,4,40,1.2305285,1.094975,1.3785374999999997,0.95284,0.81,1.12,1.603895,1.425,1.7999999999999998,-0.27768849999999995,-0.3345125,-0.236
33,random_v_MSE_v2,pretrained_baseline10p,BUID,mse_min,4,40,1.2435630000000002,1.1309749999999998,1.366525,0.96216,0.8348749999999999,1.0999999999999999,1.622585,1.5,1.770125,-0.281403,-0.3235,-0.2415
34,random_v_MSE_v2,pretrained_baseline10p,BUID,random,4,40,1.2447354,1.13678875,1.3653499999999998,0.80726,0.715,0.9050000000000001,1.95036,1.745,2.19,-0.43747539999999996,-0.4953562500000001,-0.38774125
35,random_v_MSE_v2,pretrained_baseline10p,WBC,mse_alternate_start_max,8,80,4.1686175,3.791325,4.5175875,3.58646,3.1595,3.9526875,4.8451925000000005,4.499875,5.157562500000001,-0.5821575,-0.63828125,-0.54025
36,random_v_MSE_v2,pretrained_baseline10p,WBC,mse_alternate_start_min,8,80,4.1984515,3.8402375,4.5468375,3.5440699999999996,3.1249375,3.945,4.8973474999999995,4.582437499999999,5.232562500000001,-0.6543815,-0.7217624999999999,-0.5949999999999998
37,random_v_MSE_v2,pretrained_baseline10p,WBC,mse_max,8,80,4.207394,3.845975,4.537287500000001,3.5867150000000003,3.1849999999999996,3.9625000000000004,4.919,4.605,5.1975625,-0.6206790000000001,-0.7297562500000001,-0.53173125
38,random_v_MSE_v2,pretrained_baseline10p,WBC,mse_min,8,80,4.290003,3.9284750000000006,4.6435562500000005,3.66086,3.2275,4.0626875,4.9862625,4.6625000000000005,5.342499999999999,-0.629143,-0.7225375,-0.54621875
39,random_v_MSE_v2,pretrained_baseline10p,WBC,random,8,80,4.241014375000001,3.8647449999999997,4.59231125,3.2848950000000006,2.8773125,3.6876875,5.4205325,5.0674375000000005,5.7250625,-0.956119375,-1.0683387500000001,-0.8628450000000001
40,random_v_MSE_v2,pretrained_baseline15p,ACDC,mse_alternate_start_max,6,60,8.811970833333334,8.526604166666667,9.071687500000001,8.381088333333333,8.078333333333333,8.671750000000001,9.177771666666667,8.904916666666667,9.421666666666667,-0.43088249999999995,-0.48002083333333334,-0.37516666666666665
41,random_v_MSE_v2,pretrained_baseline15p,ACDC,mse_alternate_start_min,6,60,8.817701833333333,8.532195833333336,9.075025,8.383576666666668,8.109916666666667,8.636833333333332,9.194051666666667,8.8915,9.465083333333332,-0.4341251666666666,-0.4769999999999998,-0.39331666666666665
42,random_v_MSE_v2,pretrained_baseline15p,ACDC,mse_max,6,60,8.800129,8.524,9.060337500000001,8.404465,8.146541666666666,8.668333333333331,9.183458333333334,8.914958333333333,9.436791666666668,-0.39566400000000007,-0.4468333333333332,-0.3371541666666667
43,random_v_MSE_v2,pretrained_baseline15p,ACDC,mse_min,6,60,8.8299955,8.551741666666667,9.0825125,8.430165,8.144958333333333,8.688374999999999,9.205061666666667,8.901666666666669,9.488583333333331,-0.39983050000000014,-0.4540041666666668,-0.34716250000000015
44,random_v_MSE_v2,pretrained_baseline15p,ACDC,random,6,60,8.816783933333332,8.539188333333334,9.069388333333334,8.169506666666667,7.883208333333333,8.446666666666667,9.416549999999999,9.145000000000001,9.676708333333332,-0.6472772666666667,-0.7014883333333336,-0.58532125
45,random_v_MSE_v2,pretrained_baseline15p,BTCV,mse_alternate_start_max,20,200,3.0966757499999997,3.0312899999999994,3.1708287499999996,2.5579205000000003,2.503,2.630525,3.7512600000000003,3.6239125,3.8940625000000004,-0.5387552499999999,-0.5738525,-0.5043900000000002
46,random_v_MSE_v2,pretrained_baseline15p,BTCV,mse_alternate_start_min,20,200,3.0901206,3.03600375,3.14693375,2.53677,2.4814875,2.6049999999999995,3.746792,3.6449875000000005,3.8430125,-0.5533506,-0.57365375,-0.5305475000000001
47,random_v_MSE_v2,pretrained_baseline15p,BTCV,mse_max,20,200,3.0958630499999997,3.0374375000000002,3.1593537499999997,2.562812,2.509,2.6220499999999998,3.7145275,3.6059750000000004,3.822025,-0.5330510500000001,-0.56651875,-0.49553875000000003
48,random_v_MSE_v2,pretrained_baseline15p,BTCV,mse_min,20,200,3.07821925,3.0154275,3.1493100000000003,2.535775,2.475475,2.601,3.754297,3.6675000000000004,3.8390124999999995,-0.54244425,-0.5622512499999999,-0.52247875
49,random_v_MSE_v2,pretrained_baseline15p,BTCV,random,20,200,3.080595585,3.023672625,3.1437327500000003,2.2402100000000003,2.1885000000000003,2.301025,4.3577305,4.1969875,4.524025,-0.840385585,-0.855106,-0.8260131249999999
50,random_v_MSE_v2,pretrained_baseline15p,BUID,mse_alternate_start_max,4,40,1.227242,1.09545,1.3706,0.936635,0.8150000000000001,1.060125,1.6457600000000001,1.449875,1.880125,-0.29060700000000006,-0.3325,-0.252
51,random_v_MSE_v2,pretrained_baseline15p,BUID,mse_alternate_start_min,4,40,1.2437695,1.1029875,1.3930125000000002,0.942445,0.7899999999999999,1.110125,1.6474699999999998,1.43,1.9249999999999998,-0.3013245,-0.3315125,-0.2734875
52,random_v_MSE_v2,pretrained_baseline15p,BUID,mse_max,4,40,1.2394399999999999,1.09595,1.39405,0.9480050000000001,0.8150000000000001,1.100125,1.584775,1.4,1.7901250000000002,-0.291435,-0.3405125,-0.2484875
53,random_v_MSE_v2,pretrained_baseline15p,BUID,mse_min,4,40,1.2450340000000002,1.1355,1.3655249999999999,0.981865,0.8648749999999998,1.11,1.6072800000000003,1.4899999999999998,1.74,-0.263169,-0.2955,-0.23298749999999993
54,random_v_MSE_v2,pretrained_baseline15p,BUID,random,4,40,1.2466126,1.14133875,1.36436125,0.80725,0.7100000000000001,0.905125,1.99767,1.814875,2.1999999999999997,-0.4393626,-0.49119999999999997,-0.39669125000000005
55,random_v_MSE_v2,pretrained_baseline15p,WBC,mse_alternate_start_max,8,80,5.181205,4.64315,5.71930625,4.478050000000001,3.8924375,5.045062500000001,5.97275,5.3745625,6.57025,-0.7031550000000001,-0.7950125000000001,-0.62798125
56,random_v_MSE_v2,pretrained_baseline15p,WBC,mse_alternate_start_min,8,80,5.25483775,4.683887499999999,5.809049999999999,4.4188600000000005,3.8324999999999996,5.005125,6.1988900000000005,5.6173125,6.7950625,-0.83597775,-0.8970312500000002,-0.7837437499999999
57,random_v_MSE_v2,pretrained_baseline15p,WBC,mse_max,8,80,5.21017175,4.6876187499999995,5.730712499999999,4.382205,3.7824375,4.955,6.056494999999999,5.5124375,6.577625,-0.8279667500000001,-0.93850625,-0.7422375000000001
58,random_v_MSE_v2,pretrained_baseline15p,WBC,mse_min,8,80,5.31564275,4.773350000000001,5.845625,4.458375,3.8948749999999994,5.0251875,6.171465,5.597125,6.7600625,-0.85726775,-0.9497687499999999,-0.7649937499999999
59,random_v_MSE_v2,pretrained_baseline15p,WBC,random,8,80,5.259063374999999,4.69358375,5.808125625000001,4.083135,3.5023124999999995,4.665187500000001,6.786912500000001,6.172125,7.4125,-1.175928375,-1.296151875,-1.077148125
60,random_v_MSE_v2,pretrained_baseline5p,ACDC,mse_alternate_start_max,6,60,3.412361833333333,3.3199875000000003,3.501908333333333,3.1660583333333334,3.053291666666666,3.2700416666666676,3.662576666666667,3.5682916666666666,3.7500416666666667,-0.24630350000000004,-0.2851666666666666,-0.2126666666666667
61,random_v_MSE_v2,pretrained_baseline5p,ACDC,mse_alternate_start_min,6,60,3.417606833333333,3.316991666666667,3.5145083333333336,3.1652283333333333,3.056625,3.2700416666666667,3.6664433333333335,3.568291666666666,3.760041666666666,-0.2523784999999999,-0.2764999999999999,-0.2303208333333333
62,random_v_MSE_v2,pretrained_baseline5p,ACDC,mse_max,6,60,3.4130453333333333,3.3146624999999994,3.5088541666666666,3.18304,3.0799583333333334,3.2800416666666674,3.650135,3.5599583333333333,3.7400416666666665,-0.2300053333333334,-0.24800416666666678,-0.2100000000000001
63,random_v_MSE_v2,pretrained_baseline5p,ACDC,mse_min,6,60,3.4283748333333333,3.324658333333333,3.523020833333333,3.2036516666666666,3.0916249999999996,3.3000000000000003,3.694198333333333,3.5899166666666664,3.813333333333333,-0.22472316666666667,-0.2621791666666666,-0.19049583333333336
64,random_v_MSE_v2,pretrained_baseline5p,ACDC,random,6,60,3.4257891,3.32842375,3.5127224999999997,3.0338933333333333,2.9299999999999997,3.1300000000000003,3.8295833333333333,3.736666666666667,3.918375,-0.39189576666666665,-0.41981875,-0.361745
65,random_v_MSE_v2,pretrained_baseline5p,BTCV,mse_alternate_start_max,20,200,2.3718885499999995,2.3328499999999996,2.4182675,2.0190765,1.9714875000000003,2.075,2.7601130000000005,2.7024999999999997,2.8200125,-0.35281204999999993,-0.36860124999999994,-0.33534875000000003
66,random_v_MSE_v2,pretrained_baseline5p,BTCV,mse_alternate_start_min,20,200,2.38141215,2.3461812500000003,2.426055,2.0081345,1.9695,2.0500125,2.766166,2.7239874999999993,2.8170249999999997,-0.37327765,-0.38460125,-0.36049749999999997
67,random_v_MSE_v2,pretrained_baseline5p,BTCV,mse_max,20,200,2.3650466000000003,2.32628625,2.4107087500000004,2.0249444999999997,1.9809875,2.0745125000000004,2.7551335000000003,2.7015,2.8165124999999995,-0.3401021,-0.35535125,-0.324
68,random_v_MSE_v2,pretrained_baseline5p,BTCV,mse_min,20,200,2.40502665,2.3657925,2.4588512500000004,2.0383454999999997,2.0029750000000006,2.0800374999999995,2.8075665,2.7559875000000003,2.8670625,-0.36668115,-0.3815,-0.3533962499999999
69,random_v_MSE_v2,pretrained_baseline5p,BTCV,random,20,200,2.3823947100000002,2.3467512500000005,2.425591,1.816682,1.778975,1.859025,3.0360085,2.9884875,3.0930125,-0.56571271,-0.5848186249999999,-0.54863925
70,random_v_MSE_v2,pretrained_baseline5p,BUID,mse_alternate_start_max,4,40,1.234001,1.101975,1.3780375,0.9513149999999999,0.8200000000000001,1.085,1.709845,1.495,1.9502499999999998,-0.28268600000000005,-0.32201250000000003,-0.2415
71,random_v_MSE_v2,pretrained_baseline5p,BUID,mse_alternate_start_min,4,40,1.24831,1.103,1.406025,0.97756,0.85,1.1199999999999999,1.68224,1.3900000000000001,2.07,-0.27075,-0.31651250000000003,-0.2269875
72,random_v_MSE_v2,pretrained_baseline5p,BUID,mse_max,4,40,1.232059,1.0939750000000001,1.3780499999999998,0.9379200000000001,0.815,1.08,1.6349449999999999,1.4100000000000001,1.9051249999999997,-0.294139,-0.33199999999999996,-0.258
73,random_v_MSE_v2,pretrained_baseline5p,BUID,mse_min,4,40,1.2591459999999999,1.1395,1.3994999999999997,0.96736,0.8550000000000001,1.085125,1.736855,1.464875,2.13,-0.29178600000000005,-0.3285125,-0.25650000000000006
74,random_v_MSE_v2,pretrained_baseline5p,BUID,random,4,40,1.2441133500000001,1.138425,1.361205,0.82176,0.725,0.9299999999999999,2.1668649999999996,1.834875,2.5549999999999997,-0.42235335,-0.44245249999999997,-0.40044625
75,random_v_MSE_v2,pretrained_baseline5p,WBC,mse_alternate_start_max,8,80,2.75431175,2.5683499999999997,2.899,2.3274274999999998,2.1074375,2.5000625,3.240785,3.0875000000000004,3.3899999999999997,-0.4268842500000001,-0.47700000000000004,-0.38275000000000003
76,random_v_MSE_v2,pretrained_baseline5p,WBC,mse_alternate_start_min,8,80,2.784287,2.6134812499999995,2.937525,2.3292025000000005,2.115,2.5225625,3.275125,3.1450000000000005,3.3975,-0.45508450000000006,-0.5097500000000001,-0.4065000000000001
77,random_v_MSE_v2,pretrained_baseline5p,WBC,mse_max,8,80,2.7743602499999995,2.6072312499999994,2.9128125,2.3467399999999996,2.1249375,2.52,3.2136225000000005,3.0999999999999996,3.3200625,-0.42762025000000004,-0.5095000000000001,-0.3562437500000001
78,random_v_MSE_v2,pretrained_baseline5p,WBC,mse_min,8,80,2.8531165,2.7004812499999997,2.99851875,2.40734,2.2024375,2.5950625,3.27974,3.1624375,3.385,-0.4457765000000001,-0.5102562500000001,-0.38996875000000014
79,random_v_MSE_v2,pretrained_baseline5p,WBC,random,8,80,2.8054715999999997,2.64358,2.9582693749999995,2.1217175,1.89,2.3300625,3.51927,3.4349999999999996,3.6075,-0.6837541,-0.7614125000000002,-0.618131875
80,random_v_MSE_v2,pretrained_baseline5p_mse_embedding_alternate_start_max,ACDC,mse_embedding_alternate_start_max_clip,6,60,3.4102685,3.303625,3.5078458333333336,3.1729366666666663,3.061666666666667,3.275,3.6363649999999996,3.5316249999999996,3.735083333333334,-0.2373318333333333,-0.2635125,-0.21316249999999998
81,random_v_MSE_v2,pretrained_baseline5p_mse_embedding_alternate_start_max,ACDC,mse_embedding_alternate_start_max_dinov2,6,60,3.455032,3.354766666666667,3.550670833333333,3.2076800000000003,3.084958333333333,3.3183333333333334,3.6977733333333336,3.606666666666667,3.785,-0.24735200000000002,-0.28083749999999996,-0.21832916666666669
82,random_v_MSE_v2,pretrained_baseline5p_mse_embedding_alternate_start_max,ACDC,mse_embedding_alternate_start_max_medsam,6,60,3.407830166666667,3.3131208333333335,3.4983416666666667,3.174731666666667,3.0766249999999995,3.2649999999999992,3.648486666666667,3.5582916666666664,3.7316666666666656,-0.23309850000000001,-0.2568333333333333,-0.21216666666666664
83,random_v_MSE_v2,pretrained_baseline5p_mse_embedding_alternate_start_max,ACDC,mse_embedding_alternate_start_max_multiverseg,6,60,3.3896668333333335,3.2968166666666665,3.4806666666666666,3.146673333333333,3.0450000000000004,3.24,3.6465316666666667,3.5283333333333338,3.763333333333333,-0.24299349999999997,-0.26533333333333325,-0.22132916666666663
84,random_v_MSE_v2,pretrained_baseline5p_mse_embedding_alternate_start_max,ACDC,mse_embedding_alternate_start_max_vit,6,60,3.4104943333333333,3.317808333333334,3.4998375000000004,3.1663033333333335,3.071625,3.2549999999999994,3.661083333333333,3.5715416666666657,3.75,-0.244191,-0.26067083333333335,-0.22499166666666662
85,random_v_MSE_v2,pretrained_baseline5p_mse_embedding_alternate_start_max,ACDC,random,6,60,3.4257891,3.32842375,3.5127224999999997,3.0338933333333333,2.9299999999999997,3.1300000000000003,3.8295833333333333,3.736666666666667,3.918375,-0.39189576666666665,-0.41981875,-0.361745
86,random_v_MSE_v2,pretrained_baseline5p_mse_embedding_alternate_start_max,BTCV,mse_embedding_alternate_start_max_clip,20,200,2.3732855499999994,2.33289125,2.417855,2.0193495,1.9794749999999999,2.0629999999999997,2.7657815,2.7135000000000002,2.8235125,-0.35393605,-0.36915125000000004,-0.3387462500000001
87,random_v_MSE_v2,pretrained_baseline5p_mse_embedding_alternate_start_max,BTCV,mse_embedding_alternate_start_max_dinov2,20,200,2.3914780999999996,2.357095,2.4338999999999995,2.0307649999999997,2.0020000000000002,2.0650125,2.7939220000000007,2.7429874999999995,2.8505125000000007,-0.36071309999999995,-0.37745375,-0.34654500000000005
88,random_v_MSE_v2,pretrained_baseline5p_mse_embedding_alternate_start_max,BTCV,mse_embedding_alternate_start_max_medsam,20,200,2.3866956,2.34794625,2.4291674999999997,2.032995,1.9805,2.0880375,2.7941185,2.7465,2.847,-0.35370060000000003,-0.37435125,-0.33379875
89,random_v_MSE_v2,pretrained_baseline5p_mse_embedding_alternate_start_max,BTCV,mse_embedding_alternate_start_max_multiverseg,20,200,2.37415015,2.3418912499999998,2.4147499999999997,2.032948,2.0009875,2.0765125,2.7595169999999998,2.7114875,2.8140125,-0.34120215,-0.35700125,-0.32534375
90,random_v_MSE_v2,pretrained_baseline5p_mse_embedding_alternate_start_max,BTCV,mse_embedding_alternate_start_max_vit,20,200,2.37437495,2.3331875,2.4262875000000004,2.018137,1.9785,2.0699999999999994,2.792557,2.7464875,2.8455,-0.35623795,-0.3691525,-0.34494875
91,random_v_MSE_v2,pretrained_baseline5p_mse_embedding_alternate_start_max,BTCV,random,20,200,2.3823947100000002,2.3467512500000005,2.425591,1.816682,1.778975,1.859025,3.0360085,2.9884875,3.0930125,-0.56571271,-0.5848186249999999,-0.54863925
92,random_v_MSE_v2,pretrained_baseline5p_mse_embedding_alternate_start_max,BUID,mse_embedding_alternate_start_max_clip,4,40,1.233746,1.108975,1.373,0.9070300000000001,0.805,1.015125,1.771665,1.4798749999999998,2.15025,-0.32671599999999995,-0.36951249999999997,-0.28597500000000003
93,random_v_MSE_v2,pretrained_baseline5p_mse_embedding_alternate_start_max,BUID,mse_embedding_alternate_start_max_dinov2,4,40,1.260307,1.16545,1.3711499999999999,0.98759,0.875,1.115,1.6862,1.544875,1.8349999999999997,-0.272717,-0.294,-0.24950000000000003
94,random_v_MSE_v2,pretrained_baseline5p_mse_embedding_alternate_start_max,BUID,mse_embedding_alternate_start_max_medsam,4,40,1.2941559999999999,1.1734499999999999,1.4344999999999999,1.01668,0.8899999999999999,1.1600000000000001,1.89726,1.565,2.255,-0.27747599999999994,-0.32102499999999995,-0.2359875
95,random_v_MSE_v2,pretrained_baseline5p_mse_embedding_alternate_start_max,BUID,mse_embedding_alternate_start_max_multiverseg,4,40,1.2291439999999998,1.0954875,1.3760624999999997,0.91723,0.8248749999999998,1.0150000000000001,1.759485,1.444875,2.2099999999999995,-0.31191399999999997,-0.37301249999999997,-0.25749999999999995
96,random_v_MSE_v2,pretrained_baseline5p_mse_embedding_alternate_start_max,BUID,mse_embedding_alternate_start_max_vit,4,40,1.2513935,1.1374875,1.3785249999999998,0.986945,0.8698749999999998,1.125,1.6141050000000001,1.444875,1.825125,-0.2644485,-0.30751249999999997,-0.226
97,random_v_MSE_v2,pretrained_baseline5p_mse_embedding_alternate_start_max,BUID,random,4,40,1.2441133500000001,1.138425,1.361205,0.82176,0.725,0.9299999999999999,2.1668649999999996,1.834875,2.5549999999999997,-0.42235335,-0.44245249999999997,-0.40044625
98,random_v_MSE_v2,pretrained_baseline5p_mse_embedding_alternate_start_max,WBC,mse_embedding_alternate_start_max_clip,8,80,2.79208575,2.6179812499999997,2.943275,2.3545525,2.1498749999999998,2.5375624999999995,3.1975649999999995,3.0525,3.3300625,-0.43753325000000004,-0.4995062500000001,-0.3819937500000001
99,random_v_MSE_v2,pretrained_baseline5p_mse_embedding_alternate_start_max,WBC,mse_embedding_alternate_start_max_dinov2,8,80,2.7971414999999995,2.645,2.94870625,2.3755525000000004,2.1874375,2.5525625,3.230875,3.125,3.3425625,-0.42158900000000005,-0.4720125,-0.36969375000000004
100,random_v_MSE_v2,pretrained_baseline5p_mse_embedding_alternate_start_max,WBC,mse_embedding_alternate_start_max_medsam,8,80,2.784694,2.6307500000000004,2.93576875,2.358945,2.1698749999999998,2.5324999999999998,3.2585349999999997,3.1475,3.3674999999999997,-0.42574900000000004,-0.47803124999999996,-0.37999375
101,random_v_MSE_v2,pretrained_baseline5p_mse_embedding_alternate_start_max,WBC,mse_embedding_alternate_start_max_multiverseg,8,80,2.77489675,2.6149687499999996,2.9235062500000004,2.4023825,2.2274375,2.5800625,3.22402,3.0975,3.3249999999999997,-0.37251425,-0.4155187500000001,-0.32521874999999995
102,random_v_MSE_v2,pretrained_baseline5p_mse_embedding_alternate_start_max,WBC,mse_embedding_alternate_start_max_vit,8,80,2.807882,2.6282312499999994,2.9772875,2.3366299999999995,2.1098125,2.54,3.2644274999999996,3.0924375,3.4275,-0.47125200000000006,-0.5385062500000001,-0.41525000000000006
103,random_v_MSE_v2,pretrained_baseline5p_mse_embedding_alternate_start_max,WBC,random,8,80,2.8054715999999997,2.64358,2.9582693749999995,2.1217175,1.89,2.3300625,3.51927,3.4349999999999996,3.6075,-0.6837541,-0.7614125000000002,-0.618131875
104,random_v_MSE_v2,pretrained_baseline5p_mse_embedding_alternate_start_min,ACDC,mse_embedding_alternate_start_min_clip,6,60,3.4197830000000002,3.3236583333333334,3.5105208333333335,3.1620783333333335,3.0432499999999996,3.2667083333333338,3.660105,3.583291666666666,3.733333333333334,-0.2577046666666667,-0.29153749999999995,-0.2236541666666667
105,random_v_MSE_v2,pretrained_baseline5p_mse_embedding_alternate_start_min,ACDC,mse_embedding_alternate_start_min_dinov2,6,60,3.444526166666667,3.3334874999999995,3.544345833333333,3.2142600000000003,3.088333333333333,3.325041666666666,3.6661433333333333,3.573291666666666,3.7583333333333333,-0.2302661666666667,-0.26950416666666677,-0.19883333333333333
106,random_v_MSE_v2,pretrained_baseline5p_mse_embedding_alternate_start_min,ACDC,mse_embedding_alternate_start_min_medsam,6,60,3.4112908333333336,3.3139958333333333,3.499166666666667,3.153083333333333,3.051666666666667,3.2449999999999997,3.668073333333333,3.578333333333333,3.756708333333334,-0.2582075,-0.2825125,-0.23414583333333333
107,random_v_MSE_v2,pretrained_baseline5p_mse_embedding_alternate_start_min,ACDC,mse_embedding_alternate_start_min_multiverseg,6,60,3.3975666666666666,3.300600000000001,3.4853416666666663,3.1469033333333334,3.0316666666666663,3.2533333333333334,3.650911666666667,3.5582916666666664,3.7433333333333336,-0.25066333333333335,-0.2828333333333333,-0.22062083333333335
108,random_v_MSE_v2,pretrained_baseline5p_mse_embedding_alternate_start_min,ACDC,mse_embedding_alternate_start_min_vit,6,60,3.4348650000000003,3.338983333333333,3.5248375000000003,3.189048333333333,3.084958333333333,3.283375,3.687565,3.583333333333334,3.788416666666667,-0.24581666666666666,-0.27633749999999996,-0.21315833333333337
109,random_v_MSE_v2,pretrained_baseline5p_mse_embedding_alternate_start_min,ACDC,random,6,60,3.4257891,3.32842375,3.5127224999999997,3.0338933333333333,2.9299999999999997,3.1300000000000003,3.8295833333333333,3.736666666666667,3.918375,-0.39189576666666665,-0.41981875,-0.361745
110,random_v_MSE_v2,pretrained_baseline5p_mse_embedding_alternate_start_min,BTCV,mse_embedding_alternate_start_min_clip,20,200,2.38945535,2.3499487500000007,2.4382575000000006,2.0167615,1.9770000000000003,2.0625125000000004,2.7887855,2.7390000000000003,2.8490625,-0.37269385,-0.39285375,-0.35329374999999996
111,random_v_MSE_v2,pretrained_baseline5p_mse_embedding_alternate_start_min,BTCV,mse_embedding_alternate_start_min_dinov2,20,200,2.3832219,2.35023875,2.425605,2.003755,1.9545000000000001,2.0569999999999995,2.804191,2.7715000000000005,2.84,-0.37946689999999994,-0.40080125,-0.35803874999999996
112,random_v_MSE_v2,pretrained_baseline5p_mse_embedding_alternate_start_min,BTCV,mse_embedding_alternate_start_min_medsam,20,200,2.3917267,2.3489924999999996,2.441085,2.0236585,1.9780000000000002,2.0735125,2.804619,2.743,2.868,-0.36806820000000007,-0.38505125000000007,-0.34732625
113,random_v_MSE_v2,pretrained_baseline5p_mse_embedding_alternate_start_min,BTCV,mse_embedding_alternate_start_min_multiverseg,20,200,2.38616705,2.3511237499999997,2.4309512499999997,2.0241219999999998,1.982,2.0730124999999995,2.7671364999999994,2.7309874999999995,2.8105125,-0.3620450499999999,-0.37565374999999995,-0.3479487499999999
114,random_v_MSE_v2,pretrained_baseline5p_mse_embedding_alternate_start_min,BTCV,mse_embedding_alternate_start_min_vit,20,200,2.3817209000000004,2.3406450000000008,2.43446375,2.0319425,1.9845,2.0850124999999995,2.7606745,2.705,2.8255125,-0.3497784,-0.37450249999999996,-0.32839375000000004
115,random_v_MSE_v2,pretrained_baseline5p_mse_embedding_alternate_start_min,BTCV,random,20,200,2.3823947100000002,2.3467512500000005,2.425591,1.816682,1.778975,1.859025,3.0360085,2.9884875,3.0930125,-0.56571271,-0.5848186249999999,-0.54863925
116,random_v_MSE_v2,pretrained_baseline5p_mse_embedding_alternate_start_min,BUID,mse_embedding_alternate_start_min_clip,4,40,1.224321,1.1294875,1.328025,0.916855,0.84,1.0050000000000001,1.65625,1.4400000000000002,1.9250000000000003,-0.307466,-0.3585125,-0.25598750000000003
117,random_v_MSE_v2,pretrained_baseline5p_mse_embedding_alternate_start_min,BUID,mse_embedding_alternate_start_min_dinov2,4,40,1.257512,1.1504750000000001,1.3900375,0.9726199999999999,0.8600000000000001,1.1,1.6861,1.44,2.04525,-0.28489200000000003,-0.31850000000000006,-0.24997500000000003
118,random_v_MSE_v2,pretrained_baseline5p_mse_embedding_alternate_start_min,BUID,mse_embedding_alternate_start_min_medsam,4,40,1.2831035,1.1619875,1.4180249999999999,0.976855,0.8750000000000001,1.095,1.8894300000000002,1.5948749999999998,2.2551249999999996,-0.3062484999999999,-0.36451249999999996,-0.2584874999999999
119,random_v_MSE_v2,pretrained_baseline5p_mse_embedding_alternate_start_min,BUID,mse_embedding_alternate_start_min_multiverseg,4,40,1.2202415,1.1029875,1.351,0.901365,0.8,1.01,1.588685,1.435,1.7650000000000001,-0.31887649999999995,-0.35451250000000006,-0.284
120,random_v_MSE_v2,pretrained_baseline5p_mse_embedding_alternate_start_min,BUID,mse_embedding_alternate_start_min_vit,4,40,1.2663125,1.1424875,1.4030375,0.9704999999999999,0.86,1.0901250000000002,1.6799450000000002,1.4600000000000004,1.95,-0.2958125,-0.342,-0.24699999999999997
121,random_v_MSE_v2,pretrained_baseline5p_mse_embedding_alternate_start_min,BUID,random,4,40,1.2441133500000001,1.138425,1.361205,0.82176,0.725,0.9299999999999999,2.1668649999999996,1.834875,2.5549999999999997,-0.42235335,-0.44245249999999997,-0.40044625
122,random_v_MSE_v2,pretrained_baseline5p_mse_embedding_alternate_start_min,WBC,mse_embedding_alternate_start_min_clip,8,80,2.8021270000000005,2.6294875,2.94878125,2.3635675000000003,2.1673124999999995,2.5425624999999994,3.2519924999999996,3.1175000000000006,3.3600000000000003,-0.4385595,-0.49901249999999997,-0.38074375000000016
123,random_v_MSE_v2,pretrained_baseline5p_mse_embedding_alternate_start_min,WBC,mse_embedding_alternate_start_min_dinov2,8,80,2.7945282500000004,2.6449125,2.9545374999999994,2.35877,2.1750000000000003,2.5425,3.2351724999999996,3.1325000000000003,3.35,-0.43575824999999996,-0.5044999999999998,-0.37525
124,random_v_MSE_v2,pretrained_baseline5p_mse_embedding_alternate_start_min,WBC,mse_embedding_alternate_start_min_medsam,8,80,2.7828465000000002,2.62796875,2.93910625,2.3918850000000003,2.2074374999999997,2.5726249999999995,3.2328725,3.1199375,3.3475625,-0.3909615000000001,-0.43801875000000007,-0.3525000000000001
125,random_v_MSE_v2,pretrained_baseline5p_mse_embedding_alternate_start_min,WBC,mse_embedding_alternate_start_min_multiverseg,8,80,2.79240675,2.6425,2.9340312500000003,2.3573675000000005,2.1699375,2.5200625,3.232025,3.1,3.3449999999999998,-0.43503925,-0.48701250000000007,-0.38975000000000004
126,random_v_MSE_v2,pretrained_baseline5p_mse_embedding_alternate_start_min,WBC,mse_embedding_alternate_start_min_vit,8,80,2.78967175,2.6114937499999993,2.9596625,2.33333,2.1325,2.5075000000000003,3.2298324999999997,3.0875000000000004,3.37,-0.45634175,-0.50253125,-0.4117437500000001
127,random_v_MSE_v2,pretrained_baseline5p_mse_embedding_alternate_start_min,WBC,random,8,80,2.8054715999999997,2.64358,2.9582693749999995,2.1217175,1.89,2.3300625,3.51927,3.4349999999999996,3.6075,-0.6837541,-0.7614125000000002,-0.618131875
128,random_v_MSE_v2,pretrained_baseline5p_mse_embedding_context_mean,ACDC,mse_embedding_context_mean_clip,6,60,3.4256515,3.3248333333333338,3.5175166666666673,3.1847516666666666,3.0583333333333336,3.293333333333333,3.6702249999999994,3.5683333333333334,3.776666666666666,-0.24089983333333334,-0.28250416666666667,-0.21016666666666664
129,random_v_MSE_v2,pretrained_baseline5p_mse_embedding_context_mean,ACDC,mse_embedding_context_mean_dinov2,6,60,3.3965091666666667,3.2986625000000003,3.4851791666666663,3.1540400000000006,3.034958333333333,3.263375,3.6144866666666666,3.53,3.6916666666666664,-0.24246916666666668,-0.2671666666666666,-0.21516249999999998
130,random_v_MSE_v2,pretrained_baseline5p_mse_embedding_context_mean,ACDC,mse_embedding_context_mean_medsam,6,60,3.443471333333334,3.3414750000000004,3.5356791666666663,3.203911666666667,3.099875,3.2933333333333334,3.6770783333333337,3.5783333333333336,3.775083333333334,-0.23955966666666673,-0.27050416666666677,-0.2128333333333334
131,random_v_MSE_v2,pretrained_baseline5p_mse_embedding_context_mean,ACDC,mse_embedding_context_mean_multiverseg,6,60,3.4407591666666666,3.3463166666666666,3.5306958333333336,3.200781666666667,3.0799583333333334,3.3049999999999997,3.6825233333333336,3.6100000000000008,3.7533749999999992,-0.23997749999999998,-0.2696791666666667,-0.21032083333333337
132,random_v_MSE_v2,pretrained_baseline5p_mse_embedding_context_mean,ACDC,mse_embedding_context_mean_vit,6,60,3.4344851666666663,3.3301624999999997,3.5248666666666666,3.18599,3.0766249999999995,3.283333333333333,3.676988333333333,3.5766666666666667,3.7800416666666674,-0.24849516666666666,-0.27449999999999997,-0.223
133,random_v_MSE_v2,pretrained_baseline5p_mse_embedding_context_mean,ACDC,random,6,60,3.4257891,3.32842375,3.5127224999999997,3.0338933333333333,2.9299999999999997,3.1300000000000003,3.8295833333333333,3.736666666666667,3.918375,-0.39189576666666665,-0.41981875,-0.361745
134,random_v_MSE_v2,pretrained_baseline5p_mse_embedding_context_mean,BTCV,mse_embedding_context_mean_clip,20,200,2.3985249000000004,2.36109875,2.4469700000000003,2.057636,2.0140000000000002,2.1160125,2.7757775000000002,2.732,2.8225125000000006,-0.3408889,-0.35540125000000006,-0.32784625
135,random_v_MSE_v2,pretrained_baseline5p_mse_embedding_context_mean,BTCV,mse_embedding_context_mean_dinov2,20,200,2.3889047499999996,2.35764375,2.4276625,2.025499,1.987,2.0615124999999996,2.8009174999999997,2.7605,2.8430250000000004,-0.36340575,-0.3780525,-0.35074625
136,random_v_MSE_v2,pretrained_baseline5p_mse_embedding_context_mean,BTCV,mse_embedding_context_mean_medsam,20,200,2.3967372,2.3614475,2.436415,2.0492865,2.0244874999999998,2.0795125,2.7905775,2.7385000000000006,2.8490375,-0.3474507,-0.36655,-0.32929875
137,random_v_MSE_v2,pretrained_baseline5p_mse_embedding_context_mean,BTCV,mse_embedding_context_mean_multiverseg,20,200,2.4117191499999997,2.3710950000000004,2.4615025,2.0581569999999996,2.016,2.1135125,2.801585,2.7594749999999997,2.8535250000000003,-0.35356214999999996,-0.37060249999999995,-0.33694375
138,random_v_MSE_v2,pretrained_baseline5p_mse_embedding_context_mean,BTCV,mse_embedding_context_mean_vit,20,200,2.37039615,2.33919625,2.40760875,2.0081205,1.9695000000000005,2.0494999999999997,2.757242,2.717,2.7984999999999998,-0.36227565,-0.37550124999999995,-0.35034875
139,random_v_MSE_v2,pretrained_baseline5p_mse_embedding_context_mean,BTCV,random,20,200,2.3823947100000002,2.3467512500000005,2.425591,1.816682,1.778975,1.859025,3.0360085,2.9884875,3.0930125,-0.56571271,-0.5848186249999999,-0.54863925
140,random_v_MSE_v2,pretrained_baseline5p_mse_embedding_context_mean,WBC,mse_embedding_context_mean_clip,7,70,2.969276142857143,2.7951392857142854,3.1223214285714285,2.5255985714285716,2.275607142857143,2.707178571428571,3.415182857142857,3.3085357142857146,3.5186071428571433,-0.44367757142857145,-0.5257178571428571,-0.3759892857142858
141,random_v_MSE_v2,pretrained_baseline5p_mse_embedding_context_mean,WBC,mse_embedding_context_mean_dinov2,7,70,2.9978988571428573,2.840125,3.1490392857142857,2.6006585714285713,2.3842142857142856,2.791428571428572,3.4073685714285715,3.2814285714285716,3.5314642857142857,-0.3972402857142857,-0.46315,-0.3414
142,random_v_MSE_v2,pretrained_baseline5p_mse_embedding_context_mean,WBC,mse_embedding_context_mean_medsam,7,70,2.9622884285714286,2.7837964285714287,3.1319285714285714,2.5595914285714283,2.3442499999999997,2.767142857142857,3.3833800000000003,3.25425,3.5015000000000005,-0.402697,-0.4534321428571429,-0.34956785714285704
143,random_v_MSE_v2,pretrained_baseline5p_mse_embedding_context_mean,WBC,mse_embedding_context_mean_multiverseg,7,70,3.0080775714285712,2.8807,3.1510285714285717,2.5870828571428572,2.4056785714285716,2.778607142857142,3.4134157142857138,3.2985714285714285,3.502892857142857,-0.4209947142857143,-0.4800321428571428,-0.3637142857142857
144,random_v_MSE_v2,pretrained_baseline5p_mse_embedding_context_mean,WBC,mse_embedding_context_mean_vit,7,70,2.9986770000000003,2.835410714285714,3.1498749999999998,2.5477757142857143,2.3500000000000005,2.731464285714285,3.419702857142857,3.281392857142857,3.538607142857143,-0.45090128571428567,-0.5058714285714286,-0.3972857142857142
145,random_v_MSE_v2,pretrained_baseline5p_mse_embedding_context_mean,WBC,random,7,70,2.9739488,2.8184267857142853,3.1240682142857144,2.2977399999999997,2.0628214285714286,2.5185714285714282,3.618651428571429,3.5642857142857145,3.672857142857143,-0.6762087999999999,-0.7606721428571428,-0.6023114285714285
146,random_v_MSE_v2,pretrained_baseline5p_mse_embedding_max,ACDC,mse_embedding_max_clip,6,60,3.4199685,3.306308333333333,3.521183333333334,3.19287,3.071625,3.303333333333333,3.664223333333333,3.5700000000000003,3.76,-0.22709850000000006,-0.25816666666666666,-0.20115833333333338
147,random_v_MSE_v2,pretrained_baseline5p_mse_embedding_max,ACDC,mse_embedding_max_dinov2,6,60,3.453441,3.361133333333333,3.5445208333333325,3.2021533333333334,3.1132916666666666,3.285041666666667,3.7099,3.6,3.8183333333333334,-0.2512876666666667,-0.2788333333333333,-0.21816249999999995
148,random_v_MSE_v2,pretrained_baseline5p_mse_embedding_max,ACDC,mse_embedding_max_medsam,6,60,3.3998850000000003,3.2888125,3.49855,3.1702283333333336,3.0499583333333335,3.2783750000000005,3.642836666666667,3.543333333333333,3.7400416666666665,-0.2296566666666666,-0.25849999999999995,-0.20149999999999993
149,random_v_MSE_v2,pretrained_baseline5p_mse_embedding_max,ACDC,mse_embedding_max_multiverseg,6,60,3.3928599999999998,3.284820833333333,3.4914125,3.163385,3.0250000000000004,3.2801250000000004,3.6265383333333334,3.5149583333333334,3.7366666666666664,-0.229475,-0.2723458333333333,-0.19149583333333334
150,random_v_MSE_v2,pretrained_baseline5p_mse_embedding_max,ACDC,mse_embedding_max_vit,6,60,3.397516,3.2951374999999996,3.4904083333333324,3.166755,3.051666666666667,3.2683750000000007,3.638923333333333,3.5349166666666667,3.7399999999999998,-0.23076099999999997,-0.25599999999999995,-0.20465416666666664
151,random_v_MSE_v2,pretrained_baseline5p_mse_embedding_max,ACDC,random,6,60,3.4257891,3.32842375,3.5127224999999997,3.0338933333333333,2.9299999999999997,3.1300000000000003,3.8295833333333333,3.736666666666667,3.918375,-0.39189576666666665,-0.41981875,-0.361745
152,random_v_MSE_v2,pretrained_baseline5p_mse_embedding_max,BTCV,mse_embedding_max_clip,20,200,2.3613796000000002,2.3225475000000007,2.4063250000000003,2.0210105,1.9774999999999996,2.0729999999999995,2.7373575,2.6889625,2.7865124999999997,-0.3403691,-0.3516,-0.32914874999999993
153,random_v_MSE_v2,pretrained_baseline5p_mse_embedding_max,BTCV,mse_embedding_max_dinov2,20,200,2.37309675,2.33404375,2.4194587500000004,2.0222854999999997,1.9859875000000002,2.0639999999999996,2.7650504999999996,2.7125,2.827525,-0.35081125,-0.3598525,-0.34219875
154,random_v_MSE_v2,pretrained_baseline5p_mse_embedding_max,BTCV,mse_embedding_max_medsam,20,200,2.37647375,2.3400987499999997,2.4209025,2.02168,1.9744874999999997,2.0695125,2.7717224999999996,2.7195000000000005,2.8255,-0.3547937499999999,-0.37881000000000004,-0.32664374999999995
155,random_v_MSE_v2,pretrained_baseline5p_mse_embedding_max,BTCV,mse_embedding_max_multiverseg,20,200,2.36398095,2.32815,2.41040875,2.0231415,1.9905000000000002,2.0595,2.752033,2.6989875000000003,2.8150125000000004,-0.34083945,-0.36225625,-0.32270000000000004
156,random_v_MSE_v2,pretrained_baseline5p_mse_embedding_max,BTCV,mse_embedding_max_vit,20,200,2.3582161999999998,2.3179462500000003,2.4101075000000005,2.0196255,1.975,2.071,2.7552264999999996,2.7079999999999997,2.8109999999999995,-0.33859069999999997,-0.35655125000000004,-0.32154625000000003
157,random_v_MSE_v2,pretrained_baseline5p_mse_embedding_max,BTCV,random,20,200,2.3823947100000002,2.3467512500000005,2.425591,1.816682,1.778975,1.859025,3.0360085,2.9884875,3.0930125,-0.56571271,-0.5848186249999999,-0.54863925
158,random_v_MSE_v2,pretrained_baseline5p_mse_embedding_max,BUID,mse_embedding_max_clip,4,40,1.2268069999999998,1.10645,1.369025,0.957665,0.865,1.055125,1.760855,1.4500000000000002,2.145125,-0.26914199999999994,-0.3265125,-0.212
159,random_v_MSE_v2,pretrained_baseline5p_mse_embedding_max,BUID,mse_embedding_max_dinov2,4,40,1.2545475,1.1540000000000001,1.3730375,0.977455,0.865,1.1099999999999999,1.577835,1.43,1.7551250000000003,-0.2770925,-0.3080125,-0.24800000000000003
160,random_v_MSE_v2,pretrained_baseline5p_mse_embedding_max,BUID,mse_embedding_max_medsam,4,40,1.2671055000000002,1.152975,1.3975499999999998,0.95209,0.81,1.105125,1.766105,1.505,2.085,-0.31501549999999995,-0.37152499999999994,-0.25298750000000003
161,random_v_MSE_v2,pretrained_baseline5p_mse_embedding_max,BUID,mse_embedding_max_multiverseg,4,40,1.216897,1.0864875,1.3695125000000001,0.9419549999999999,0.8350000000000001,1.055,1.7312750000000001,1.42,2.155125,-0.274942,-0.33499999999999985,-0.21848750000000003
162,random_v_MSE_v2,pretrained_baseline5p_mse_embedding_max,BUID,mse_embedding_max_vit,4,40,1.2450519999999998,1.1359750000000002,1.3664999999999998,0.9683050000000001,0.8350000000000001,1.12,1.69252,1.53,1.9000000000000001,-0.27674699999999997,-0.32199999999999995,-0.2304875
163,random_v_MSE_v2,pretrained_baseline5p_mse_embedding_max,BUID,random,4,40,1.2441133500000001,1.138425,1.361205,0.82176,0.725,0.9299999999999999,2.1668649999999996,1.834875,2.5549999999999997,-0.42235335,-0.44245249999999997,-0.40044625
164,random_v_MSE_v2,pretrained_baseline5p_mse_embedding_max,WBC,mse_embedding_max_clip,8,80,2.7705,2.59574375,2.9227812500000003,2.345695,2.1174375000000003,2.5150625000000004,3.1744575,3.025,3.3200000000000003,-0.4248049999999998,-0.4849999999999998,-0.3769874999999999
165,random_v_MSE_v2,pretrained_baseline5p_mse_embedding_max,WBC,mse_embedding_max_dinov2,8,80,2.80119125,2.6417,2.9425375000000007,2.3635649999999995,2.1724374999999996,2.5249999999999995,3.24513,3.0999375,3.3801875000000003,-0.43762625,-0.47900624999999986,-0.39974374999999995
166,random_v_MSE_v2,pretrained_baseline5p_mse_embedding_max,WBC,mse_embedding_max_medsam,8,80,2.7702465000000003,2.61346875,2.9153187500000004,2.35328,2.1375,2.5325624999999996,3.2081225000000004,3.1099375,3.3075625,-0.4169665,-0.48254374999999994,-0.35849374999999994
167,random_v_MSE_v2,pretrained_baseline5p_mse_embedding_max,WBC,mse_embedding_max_multiverseg,8,80,2.7762849999999997,2.616975,2.9125125,2.3810550000000004,2.1974375,2.5375625,3.2124749999999995,3.0574375000000003,3.3374999999999995,-0.3952300000000001,-0.44151250000000003,-0.35748750000000007
168,random_v_MSE_v2,pretrained_baseline5p_mse_embedding_max,WBC,mse_embedding_max_vit,8,80,2.7919115000000003,2.6087124999999998,2.9655125000000004,2.3646,2.1499375000000005,2.5549999999999997,3.2372824999999996,3.0675,3.385,-0.4273115000000001,-0.48728125000000005,-0.37173750000000005
169,random_v_MSE_v2,pretrained_baseline5p_mse_embedding_max,WBC,random,8,80,2.8054715999999997,2.64358,2.9582693749999995,2.1217175,1.89,2.3300625,3.51927,3.4349999999999996,3.6075,-0.6837541,-0.7614125000000002,-0.618131875
170,random_v_MSE_v2,pretrained_baseline5p_mse_embedding_min,ACDC,mse_embedding_min_clip,6,60,3.429818,3.3278250000000007,3.531333333333333,3.1699283333333335,3.0599583333333333,3.27,3.6815633333333335,3.578333333333333,3.7883750000000003,-0.2598896666666667,-0.28300416666666667,-0.23332499999999998
171,random_v_MSE_v2,pretrained_baseline5p_mse_embedding_min,ACDC,mse_embedding_min_dinov2,6,60,3.3977489999999997,3.2949750000000004,3.4895249999999995,3.1621133333333336,3.041625,3.2733750000000006,3.633543333333333,3.535,3.7250416666666664,-0.23563566666666672,-0.27784166666666665,-0.19666250000000002
172,random_v_MSE_v2,pretrained_baseline5p_mse_embedding_min,ACDC,mse_embedding_min_medsam,6,60,3.438986,3.3374875,3.5325125,3.1956516666666666,3.0866666666666664,3.290083333333334,3.6790116666666663,3.5799583333333334,3.7817083333333334,-0.24333433333333332,-0.2686708333333333,-0.22132499999999997
173,random_v_MSE_v2,pretrained_baseline5p_mse_embedding_min,ACDC,mse_embedding_min_multiverseg,6,60,3.4280878333333336,3.3306083333333336,3.5206875,3.1858316666666666,3.073291666666666,3.2916666666666665,3.6757683333333335,3.5749999999999997,3.788416666666667,-0.2422561666666667,-0.2735041666666667,-0.21249583333333338
174,random_v_MSE_v2,pretrained_baseline5p_mse_embedding_min,ACDC,mse_embedding_min_vit,6,60,3.429303166666667,3.328491666666667,3.519850000000001,3.1829083333333332,3.0866666666666673,3.273333333333333,3.6865916666666663,3.596666666666667,3.7716666666666665,-0.24639483333333337,-0.2851666666666666,-0.217825
175,random_v_MSE_v2,pretrained_baseline5p_mse_embedding_min,ACDC,random,6,60,3.4257891,3.32842375,3.5127224999999997,3.0338933333333333,2.9299999999999997,3.1300000000000003,3.8295833333333333,3.736666666666667,3.918375,-0.39189576666666665,-0.41981875,-0.361745
176,random_v_MSE_v2,pretrained_baseline5p_mse_embedding_min,BTCV,mse_embedding_min_clip,20,200,2.39785285,2.3617475,2.44367375,2.0506745,2.0174999999999996,2.099,2.772306,2.721475,2.8310000000000004,-0.34717835,-0.3605499999999999,-0.3337474999999999
177,random_v_MSE_v2,pretrained_baseline5p_mse_embedding_min,BTCV,mse_embedding_min_dinov2,20,200,2.39151225,2.35984875,2.43302,2.0219595000000004,1.986,2.0645125,2.7997384999999997,2.772,2.829,-0.36955275,-0.37805125,-0.36139999999999994
178,random_v_MSE_v2,pretrained_baseline5p_mse_embedding_min,BTCV,mse_embedding_min_medsam,20,200,2.39680105,2.35994875,2.4358675,2.0450410000000003,2.0095,2.0850125,2.7924235,2.7465,2.8395,-0.3517600500000001,-0.37380125000000003,-0.3287475
179,random_v_MSE_v2,pretrained_baseline5p_mse_embedding_min,BTCV,mse_embedding_min_multiverseg,20,200,2.4069022000000007,2.3669775,2.46036125,2.0344695,1.9969999999999999,2.0820125,2.795988,2.746,2.8540625,-0.37243269999999995,-0.3979537500000001,-0.34634999999999994
180,random_v_MSE_v2,pretrained_baseline5p_mse_embedding_min,BTCV,mse_embedding_min_vit,20,200,2.3682971,2.33534875,2.4040700000000004,2.01372,1.9744999999999997,2.06,2.746636,2.6964875,2.7970124999999997,-0.35457710000000003,-0.36855375000000007,-0.33899375
181,random_v_MSE_v2,pretrained_baseline5p_mse_embedding_min,BTCV,random,20,200,2.3823947100000002,2.3467512500000005,2.425591,1.816682,1.778975,1.859025,3.0360085,2.9884875,3.0930125,-0.56571271,-0.5848186249999999,-0.54863925
182,random_v_MSE_v2,pretrained_baseline5p_mse_embedding_min,BUID,mse_embedding_min_clip,4,40,1.2410999999999999,1.1155000000000002,1.371525,0.9914749999999999,0.859875,1.115125,1.57259,1.4000000000000001,1.7551249999999998,-0.24962500000000007,-0.30200000000000005,-0.2009875
183,random_v_MSE_v2,pretrained_baseline5p_mse_embedding_min,BUID,mse_embedding_min_dinov2,4,40,1.2471015,1.1139999999999999,1.3965,0.995285,0.88,1.1199999999999999,1.6647150000000002,1.4000000000000001,2.015125,-0.2518165,-0.30151249999999996,-0.21048750000000002
184,random_v_MSE_v2,pretrained_baseline5p_mse_embedding_min,BUID,mse_embedding_min_medsam,4,40,1.2605909999999998,1.1279874999999997,1.4090125000000002,0.9366850000000001,0.8450000000000002,1.0299999999999998,1.8411399999999998,1.51,2.31,-0.32390599999999997,-0.39949999999999986,-0.2579875
185,random_v_MSE_v2,pretrained_baseline5p_mse_embedding_min,BUID,mse_embedding_min_multiverseg,4,40,1.237305,1.1159875,1.3695125,0.9382199999999999,0.8150000000000001,1.085,1.6280300000000003,1.454875,1.805,-0.29908500000000005,-0.3405125,-0.25550000000000006
186,random_v_MSE_v2,pretrained_baseline5p_mse_embedding_min,BUID,mse_embedding_min_vit,4,40,1.2483715000000002,1.1134750000000002,1.3995125,0.97005,0.85,1.105125,1.736575,1.464875,2.08,-0.27832149999999994,-0.32299999999999995,-0.2375
187,random_v_MSE_v2,pretrained_baseline5p_mse_embedding_min,BUID,random,4,40,1.2441133500000001,1.138425,1.361205,0.82176,0.725,0.9299999999999999,2.1668649999999996,1.834875,2.5549999999999997,-0.42235335,-0.44245249999999997,-0.40044625
188,random_v_MSE_v2,pretrained_baseline5p_mse_embedding_min,WBC,mse_embedding_min_clip,8,80,2.81784375,2.6422375,2.9682749999999998,2.35577,2.1149375,2.5525,3.2796875,3.1825,3.38,-0.46207375,-0.54276875,-0.40424375
189,random_v_MSE_v2,pretrained_baseline5p_mse_embedding_min,WBC,mse_embedding_min_dinov2,8,80,2.8323275,2.6637062499999997,2.98903125,2.4016575,2.1973749999999996,2.5775625000000004,3.2827550000000003,3.1424375,3.4225625,-0.43067,-0.48525,-0.385225
190,random_v_MSE_v2,pretrained_baseline5p_mse_embedding_min,WBC,mse_embedding_min_medsam,8,80,2.78185325,2.5984625,2.95625,2.3780999999999994,2.165,2.5725,3.2274975000000006,3.045,3.4124999999999996,-0.40375325000000006,-0.4385375000000001,-0.37274375000000004
191,random_v_MSE_v2,pretrained_baseline5p_mse_embedding_min,WBC,mse_embedding_min_multiverseg,8,80,2.8375332500000003,2.68499375,2.9883499999999996,2.36645,2.1525,2.5649999999999995,3.283545,3.1375,3.4176249999999997,-0.47108324999999995,-0.53625625,-0.40623750000000003
192,random_v_MSE_v2,pretrained_baseline5p_mse_embedding_min,WBC,mse_embedding_min_vit,8,80,2.811295,2.6532437499999997,2.9587749999999997,2.3938200000000003,2.1875,2.5774999999999997,3.2475675,3.0925000000000002,3.3774999999999995,-0.41747500000000004,-0.47575,-0.3662437500000001
193,random_v_MSE_v2,pretrained_baseline5p_mse_embedding_min,WBC,random,8,80,2.8054715999999997,2.64358,2.9582693749999995,2.1217175,1.89,2.3300625,3.51927,3.4349999999999996,3.6075,-0.6837541,-0.7614125000000002,-0.618131875
194,random_v_MSE_v2,pretrained_baseline_10p,ACDC,mse_alternate_start_max,6,60,6.167012333333334,5.971925000000001,6.347354166666667,5.840616666666667,5.626625,6.043333333333333,6.470998333333334,6.293291666666666,6.631666666666667,-0.32639566666666675,-0.3611666666666667,-0.28832083333333336
195,random_v_MSE_v2,pretrained_baseline_10p,ACDC,mse_alternate_start_min,6,60,6.178011666666667,5.983820833333334,6.353179166666667,5.854848333333333,5.638333333333333,6.051666666666667,6.4688550000000005,6.266666666666667,6.646708333333332,-0.3231633333333334,-0.3553375,-0.29299583333333346
196,random_v_MSE_v2,pretrained_baseline_10p,ACDC,mse_max,6,60,6.171105666666667,5.982283333333333,6.350862500000001,5.821281666666666,5.624916666666667,6.008375,6.50841,6.326583333333335,6.681666666666666,-0.3498240000000001,-0.37700000000000006,-0.32350000000000007
197,random_v_MSE_v2,pretrained_baseline_10p,ACDC,mse_min,6,60,6.178813833333334,5.980816666666667,6.3544125,5.863899999999999,5.676666666666667,6.0299999999999985,6.507381666666666,6.294999999999999,6.71,-0.3149138333333333,-0.34550416666666667,-0.28432916666666663
198,random_v_MSE_v2,pretrained_baseline_10p,ACDC,random,6,60,6.174807783333334,5.9867429166666675,6.344219166666667,5.6421633333333325,5.444958333333334,5.83175,6.689666666666666,6.508333333333334,6.858416666666668,-0.53264445,-0.5747579166666666,-0.4874449999999999
199,random_v_MSE_v2,pretrained_baseline_15p,ACDC,mse_alternate_start_max,6,60,8.811970833333334,8.526604166666667,9.071687500000001,8.381088333333333,8.078333333333333,8.671750000000001,9.177771666666667,8.904916666666667,9.421666666666667,-0.43088249999999995,-0.48002083333333334,-0.37516666666666665
200,random_v_MSE_v2,pretrained_baseline_15p,ACDC,mse_alternate_start_min,6,60,8.817701833333333,8.532195833333336,9.075025,8.383576666666668,8.109916666666667,8.636833333333332,9.194051666666667,8.8915,9.465083333333332,-0.4341251666666666,-0.4769999999999998,-0.39331666666666665
201,random_v_MSE_v2,pretrained_baseline_15p,ACDC,mse_max,6,60,8.800129,8.524,9.060337500000001,8.404465,8.146541666666666,8.668333333333331,9.183458333333334,8.914958333333333,9.436791666666668,-0.39566400000000007,-0.4468333333333332,-0.3371541666666667
202,random_v_MSE_v2,pretrained_baseline_15p,ACDC,mse_min,6,60,8.8299955,8.551741666666667,9.0825125,8.430165,8.144958333333333,8.688374999999999,9.205061666666667,8.901666666666669,9.488583333333331,-0.39983050000000014,-0.4540041666666668,-0.34716250000000015
203,random_v_MSE_v2,pretrained_baseline_15p,ACDC,random,6,60,8.816783933333332,8.539188333333334,9.069388333333334,8.169506666666667,7.883208333333333,8.446666666666667,9.416549999999999,9.145000000000001,9.676708333333332,-0.6472772666666667,-0.7014883333333336,-0.58532125
204,random_v_MSE_v2,pretrained_baseline_5p,ACDC,mse_alternate_start_max,6,60,3.412361833333333,3.3199875000000003,3.501908333333333,3.1660583333333334,3.053291666666666,3.2700416666666676,3.662576666666667,3.5682916666666666,3.7500416666666667,-0.24630350000000004,-0.2851666666666666,-0.2126666666666667
205,random_v_MSE_v2,pretrained_baseline_5p,ACDC,mse_alternate_start_min,6,60,3.417606833333333,3.316991666666667,3.5145083333333336,3.1652283333333333,3.056625,3.2700416666666667,3.6664433333333335,3.568291666666666,3.760041666666666,-0.2523784999999999,-0.2764999999999999,-0.2303208333333333
206,random_v_MSE_v2,pretrained_baseline_5p,ACDC,mse_max,6,60,3.4130453333333333,3.3146624999999994,3.5088541666666666,3.18304,3.0799583333333334,3.2800416666666674,3.650135,3.5599583333333333,3.7400416666666665,-0.2300053333333334,-0.24800416666666678,-0.2100000000000001
207,random_v_MSE_v2,pretrained_baseline_5p,ACDC,mse_min,6,60,3.4283748333333333,3.324658333333333,3.523020833333333,3.2036516666666666,3.0916249999999996,3.3000000000000003,3.694198333333333,3.5899166666666664,3.813333333333333,-0.22472316666666667,-0.2621791666666666,-0.19049583333333336
208,random_v_MSE_v2,pretrained_baseline_5p,ACDC,random,6,60,3.4257891,3.32842375,3.5127224999999997,3.0338933333333333,2.9299999999999997,3.1300000000000003,3.8295833333333333,3.736666666666667,3.918375,-0.39189576666666665,-0.41981875,-0.361745
209,random_vs_uncertainty_v2,pretrained_baseline,ACDC,curriculum,6,60,11.388109166666665,11.015770833333333,11.736199999999997,10.884196666666666,10.5015,11.251708333333333,11.865983333333334,11.503333333333336,12.20175,-0.5039125,-0.556666666666667,-0.4449916666666668
210,random_vs_uncertainty_v2,pretrained_baseline,ACDC,curriculum_entropy,6,60,11.389477999999999,11.028820833333333,11.7359875,10.928623333333332,10.571541666666667,11.260083333333332,11.889196666666667,11.488249999999999,12.251708333333333,-0.46085466666666663,-0.5015041666666666,-0.42349583333333335
211,random_vs_uncertainty_v2,pretrained_baseline,ACDC,random,6,60,11.387299733333334,11.029452916666667,11.726313750000001,10.639586666666666,10.279958333333333,11.010083333333332,12.118573333333334,11.74825,12.456666666666665,-0.7477130666666665,-0.8230945833333333,-0.6613479166666665
212,random_vs_uncertainty_v2,pretrained_baseline,ACDC,reverse_curriculum,6,60,11.381418833333335,11.015420833333332,11.715191666666664,10.866924999999998,10.513166666666667,11.200000000000001,11.853351666666667,11.479958333333336,12.208375,-0.5144938333333334,-0.5516708333333334,-0.47180000000000005
213,random_vs_uncertainty_v2,pretrained_baseline,ACDC,reverse_curriculum_entropy,6,60,11.4155025,11.057149999999998,11.740499999999997,10.906763333333332,10.551499999999999,11.253333333333332,11.82823,11.463125,12.166666666666666,-0.5087391666666669,-0.5633416666666667,-0.4474541666666669
214,random_vs_uncertainty_v2,pretrained_baseline,BTCV,curriculum,20,200,3.1345307000000004,3.0657437499999998,3.2029037499999995,2.5547495,2.489,2.627,3.8389825,3.7019750000000005,4.0100750000000005,-0.5797811999999999,-0.60760125,-0.553
215,random_vs_uncertainty_v2,pretrained_baseline,BTCV,curriculum_entropy,20,200,3.12988095,3.0646762499999998,3.2074037499999997,2.5795234999999996,2.5134625,2.6610125000000004,3.825866,3.7369999999999997,3.9185375000000002,-0.55035745,-0.573155,-0.5303500000000001
216,random_vs_uncertainty_v2,pretrained_baseline,BTCV,random,20,200,3.164659205,3.0975979999999996,3.2385656249999997,2.2799650000000002,2.2174750000000003,2.3580250000000005,4.674739499999999,4.42945,4.913062500000001,-0.884694205,-0.9174717500000001,-0.8525638750000001
217,random_vs_uncertainty_v2,pretrained_baseline,BTCV,reverse_curriculum,20,200,3.1976922999999995,3.12644625,3.2770325000000002,2.593626,2.539987499999999,2.6545,4.0259995,3.874987500000001,4.2360125,-0.6040663,-0.64956,-0.5670925
218,random_vs_uncertainty_v2,pretrained_baseline,BTCV,reverse_curriculum_entropy,20,200,3.1839776,3.1145462500000005,3.256755,2.617578,2.5564875,2.685025,3.9686040000000005,3.8375,4.103525,-0.5663996,-0.59495125,-0.5376987500000002
219,random_vs_uncertainty_v2,pretrained_baseline,BUID,curriculum,4,40,1.28388,1.1835,1.397025,0.9855400000000001,0.8800000000000001,1.095,1.616515,1.475,1.7650000000000001,-0.29833999999999994,-0.3304999999999999,-0.267
220,random_vs_uncertainty_v2,pretrained_baseline,BUID,curriculum_entropy,4,40,1.280412,1.1695,1.3960125,1.0317100000000001,0.9148749999999999,1.1451250000000002,1.6507600000000002,1.495,1.795125,-0.248702,-0.2825,-0.21748749999999997
221,random_vs_uncertainty_v2,pretrained_baseline,BUID,random,4,40,1.2463841,1.13917,1.3674087499999998,0.82715,0.73,0.94,1.953065,1.7798749999999999,2.155,-0.41923409999999994,-0.440205,-0.40034625
222,random_vs_uncertainty_v2,pretrained_baseline,BUID,reverse_curriculum,4,40,1.184565,1.0654374999999998,1.314025,0.9171050000000001,0.805,1.04,1.596895,1.445,1.755,-0.26746000000000003,-0.2985,-0.23400000000000007
223,random_vs_uncertainty_v2,pretrained_baseline,BUID,reverse_curriculum_entropy,4,40,1.1914690000000001,1.08,1.3135,0.917855,0.7798749999999999,1.0650000000000002,1.5459900000000002,1.435,1.6651250000000002,-0.273614,-0.3155125,-0.23098749999999998
224,random_vs_uncertainty_v2,pretrained_baseline,WBC,curriculum,8,80,6.0924135,5.35963125,6.838418750000001,5.2326525,4.425000000000001,6.0376875,6.9991975,6.1998750000000005,7.800375,-0.8597610000000002,-0.93025625,-0.7827375000000004
225,random_vs_uncertainty_v2,pretrained_baseline,WBC,curriculum_entropy,8,80,6.059465250000001,5.353481250000001,6.78294375,5.170422500000001,4.4350000000000005,5.905437500000001,7.0237775000000005,6.2949375,7.777749999999999,-0.8890427499999999,-0.9692812500000001,-0.8054000000000001
226,random_vs_uncertainty_v2,pretrained_baseline,WBC,random,8,80,6.047162924999999,5.288511874999998,6.79163875,4.7662675,3.9949375000000003,5.545437499999999,7.6446024999999995,6.8546875,8.442625,-1.2808954250000002,-1.3913475000000002,-1.1940237500000004
227,random_vs_uncertainty_v2,pretrained_baseline,WBC,reverse_curriculum,8,80,5.9913989999999995,5.200581249999999,6.786512499999999,4.993805,4.1699375,5.787624999999999,7.088,6.224875,7.965375,-0.9975939999999999,-1.0960562500000002,-0.91174375
228,random_vs_uncertainty_v2,pretrained_baseline,WBC,reverse_curriculum_entropy,8,80,6.025465249999999,5.2605812499999995,6.799274999999999,5.128002500000001,4.322312500000001,5.947749999999999,6.9964900000000005,6.20475,7.805437500000001,-0.89746275,-0.99978125,-0.80124375
